epoch,step,test_acc,test_loss,train_loss,val_acc,val_loss
0,3,,,,0.05000000074505806,2.313438892364502
0,3,,,2.323697566986084,,
1,7,,,,0.15000000596046448,2.3103227615356445
1,7,,,2.3361010551452637,,
2,11,,,,0.05000000074505806,2.3460612297058105
2,11,,,2.306302070617676,,
3,12,0.15000000596046448,2.2995262145996094,,,
