epoch,step,train_loss,val_acc,val_loss
0,3,,0.3400000035762787,2.2283098697662354
0,3,2.3307301998138428,,
1,7,,0.49000000953674316,2.1588873863220215
1,7,2.243879556655884,,
